<?xml version='1.0' encoding='utf-8'?>
<Model Version="3.1.0"><Id>9ee24976-a3d9-4052-ae29-f66a8d8d9356</Id><ModelName>Simple_Nuclei_SegmentationModel_Legacy</ModelName><Status>Trained</Status><FeatureExtractor>DeepNeuralNetwork</FeatureExtractor><Postprocessing /><ColorHandling>SplitRgb</ColorHandling><Channels><Item PixelType="Gray16" /></Channels><TrainingClasses><Item colB="0" colG="0" colR="255" LabelValue="1" Name="Background" /><Item colB="0" colG="255" colR="0" LabelValue="2" Name="Nucleus" /></TrainingClasses><BorderSize>64</BorderSize></Model>